rank,svm_top_fake_words,svm_fake_weight,nb_top_fake_words,nb_log_ratio
1,will keep,4.121,small screw,4.1648
2,the only,4.004,told and,4.0442
3,and it,3.6547,materials are,4.0244
4,and the,2.9855,plastic part,3.9071
5,but it,2.8032,the trs,3.8724
6,very good,2.7738,reason gave,3.7737
7,has the,2.7549,the materials,3.7527
8,it been,2.6491,am 32d,3.7296
9,have one,2.624,also loves,3.7084
10,that it,2.5561,will admit,3.6901
11,or too,2.5402,reason ordered,3.6464
12,the pieces,2.4716,next couple,3.6411
13,had to,2.4439,nice bag,3.6306
14,is little,2.3983,plastic parts,3.6217
15,it very,2.3741,developed and,3.594
16,to make,2.3497,replace couple,3.5839
17,only reason,2.3122,32d and,3.5808
18,had lot,2.2841,pretty bought,3.5609
19,keep my,2.2713,large one,3.4776
20,feel like,2.2469,trs 80,3.4433
