model,seed,RMSE,MAE,P@10,R@10,NDCG@10,MAP@10,coverage@10,novelty@10,diversity@10,n_eval_users,train_secs
Popularity,42,,,0.0048000000000000004,0.03303333333333333,0.017828645822170388,0.011207539682539682,0.0012753940056481736,5.813232915998971,0.0,1000,0.0
Bias baseline,42,1.0835004876995507,0.8087603056336916,0.0017000000000000001,0.01075,0.004970699248571012,0.0025569444444444446,0.001184294433816161,7.781142438469347,0.0,1000,0.0
"FunkSVD (k=10, reg=0.2)",42,1.0773883961440915,0.7996954267322112,0.00030000000000000003,0.003,0.002,0.0016666666666666666,0.004737177735264644,9.380419285140462,0.010905555555555557,1000,1.0
"ALS (k=20, lam=1.0)",42,1.0820610089371059,0.8065185765193403,0.0001,0.0005,0.00023719771276929622,0.0001,0.0010931948619841486,12.783768137309352,0.05019444444444446,1000,5.6
"ALS (k=20, lam=0.5)",42,1.0873898162981486,0.7932151855109933,0.0,0.0,0.0,0.0,0.007925662749385078,12.677521867696845,0.03548333333333333,1000,11.4
Popularity,43,,,0.0044,0.029416666666666667,0.017638247103827623,0.01223670634920635,0.0012753940056481736,5.835136597780273,0.0,1000,0.0
Bias baseline,43,1.0804161854385883,0.8040294910666419,0.0008,0.005166666666666666,0.004230690304246267,0.003376984126984127,0.0010931948619841486,8.350909309532097,0.0,1000,0.0
"FunkSVD (k=10, reg=0.2)",43,1.0738772337482978,0.7938192296370831,0.0,0.0,0.0,0.0,0.003917281588776533,9.341057956484137,0.0009388888888888888,1000,0.6
"ALS (k=20, lam=1.0)",43,1.0784463880658162,0.8012817233892972,0.0001,0.0005,0.0003868528072345416,0.00025,0.001184294433816161,12.319528759696986,0.11650000000000002,1000,5.8
"ALS (k=20, lam=0.5)",43,1.083612502479817,0.7866951412007266,0.0001,0.0005,0.0003868528072345416,0.00025,0.010112052473353375,12.174723937047867,0.1310777777777778,1000,12.3
Popularity,44,,,0.0050999999999999995,0.036283333333333334,0.020220794079136323,0.013769775132275133,0.0012753940056481736,5.851918011119044,0.0,1000,0.0
Bias baseline,44,1.0654925879808492,0.7949233880910878,0.0013,0.0095,0.004816776588250969,0.002720238095238095,0.0010931948619841486,7.766511427480931,0.0,1000,0.0
"FunkSVD (k=10, reg=0.2)",44,1.0577433549572093,0.78445935491713,0.0005,0.0030555555555555553,0.0013077937131393267,0.0005797619047619048,0.00419058030427257,9.241711388232021,0.00075,1000,0.7
"ALS (k=20, lam=1.0)",44,1.0614036977201589,0.7896784288124901,0.0001,0.0005,0.00017723928678404775,5e-05,0.0019130910084722602,12.806341342820327,0.08899444444444442,1000,4.4
"ALS (k=20, lam=0.5)",44,1.0649378623636654,0.7753848999001041,0.0001,0.0005,0.00021840743681816418,8.333333333333333e-05,0.01257174091281771,12.53888658330706,0.13193333333333335,1000,17.2
Popularity,45,,,0.004600000000000001,0.03359285714285714,0.0181019084789927,0.011705158730158729,0.001184294433816161,5.833185884371414,0.0,1000,0.0
Bias baseline,45,1.0785835939500847,0.8060725990064243,0.0017000000000000001,0.011833333333333333,0.005856543833558233,0.0034166666666666664,0.0010931948619841486,7.78229752398255,0.0,1000,0.0
"FunkSVD (k=10, reg=0.2)",45,1.072013463988289,0.7960836025083422,0.0001,0.001,0.0002890648263178879,0.0001,0.004828277307096657,9.311554573837364,0.0031388888888888894,1000,0.7
"ALS (k=20, lam=1.0)",45,1.0756797370678004,0.8021188949416468,0.0001,0.0005,0.0003868528072345416,0.00025,0.0010020952901521362,12.88234717527167,0.00045000000000000004,1000,5.9
"ALS (k=20, lam=0.5)",45,1.0802455926843322,0.7883233409938187,0.0001,0.0005,0.00017723928678404775,5e-05,0.012025143481825635,12.473944223013083,0.10197777777777776,1000,17.6
Popularity,46,,,0.0054,0.04031666666666666,0.02456522703171628,0.017959325396825397,0.001366493577480186,5.846287751798215,0.0,1000,0.0
Bias baseline,46,1.0817488118038792,0.808691881933922,0.0023,0.016316666666666667,0.009147142878021328,0.0061187037037037035,0.0010931948619841486,8.0375646083053,0.0,1000,0.0
"FunkSVD (k=10, reg=0.2)",46,1.0754021109611316,0.7982626294307513,0.0005,0.003333333333333333,0.002514645479147558,0.0019833333333333335,0.004281679876104582,9.201050744489933,0.019294444444444444,1000,0.7
"ALS (k=20, lam=1.0)",46,1.0790723950908834,0.8039468984167358,0.0002,0.0013333333333333333,0.00047189111879331427,0.00017261904761904762,0.0015486927211442107,12.736947645562173,0.08189999999999999,1000,4.7
"ALS (k=20, lam=0.5)",46,1.08421479996275,0.7913158556012189,0.0002,0.0013333333333333333,0.000611546787751594,0.00029166666666666664,0.009929853329689351,12.454989938003513,0.12268888888888889,1000,35.1
