model,metric,mean,std,ci95,n
Popularity,P@10,0.004860000000000001,0.0003974921382870356,0.0004935516776800451,5
Popularity,R@10,0.03452857142857143,0.004056602775364811,0.005036937621183967,5
Popularity,NDCG@10,0.019670964503168662,0.002925924350350501,0.003633014927297961,5
Popularity,MAP@10,0.013375701058201055,0.0027365055646433284,0.003397820440501891,5
Popularity,coverage@10,0.0012753940056481733,6.441712500560702e-05,7.998442498725384e-05,5
Popularity,novelty@10,5.835952232213583,0.014884676099218414,0.01848176643732358,5
Popularity,diversity@10,0.0,0.0,0.0,5
Bias baseline,RMSE,1.0779483333745905,0.0071921745157831896,0.008930264165046593,5
Bias baseline,MAE,0.8044955331463536,0.005703681276636063,0.007082055698427897,5
Bias baseline,P@10,0.00156,0.0005549774770204643,0.0006890955530302686,5
Bias baseline,R@10,0.010713333333333333,0.004027740612855357,0.005001100513085671,5
Bias baseline,NDCG@10,0.005804370570529562,0.0019572728524970243,0.002430275235607146,5
Bias baseline,MAP@10,0.003637907407407408,0.001438921174104296,0.001786656618138398,5
Bias baseline,coverage@10,0.001111414776350551,4.074096706750094e-05,5.05865920597212e-05,5
Bias baseline,novelty@10,7.943685061554045,0.2542152118052881,0.31564987629437136,5
Bias baseline,diversity@10,0.0,0.0,0.0,5
"FunkSVD (k=10, reg=0.2)",RMSE,1.0712849119598038,0.007823498788461152,0.009714156785622997,5
"FunkSVD (k=10, reg=0.2)",MAE,0.7944640486451036,0.006019326696877121,0.007473981252939117,5
"FunkSVD (k=10, reg=0.2)",P@10,0.00028000000000000003,0.0002280350850198276,0.00028314295539645494,5
"FunkSVD (k=10, reg=0.2)",R@10,0.0020777777777777778,0.0014884327659539854,0.0018481333792319163,5
"FunkSVD (k=10, reg=0.2)",NDCG@10,0.0012223008037209545,0.0010778715695589308,0.0013383543226087114,5
"FunkSVD (k=10, reg=0.2)",MAP@10,0.0008659523809523808,0.0009094153512994699,0.0011291883011223826,5
"FunkSVD (k=10, reg=0.2)",coverage@10,0.004390999362302997,0.0003832683605349846,0.00047589052492687164,5
"FunkSVD (k=10, reg=0.2)",novelty@10,9.295158789636783,0.07307163647519033,0.090730420301077,5
"FunkSVD (k=10, reg=0.2)",diversity@10,0.0070055555555555565,0.008017392359546438,0.009954907452322758,5
"ALS (k=20, lam=1.0)",RMSE,1.075332645376353,0.008109994653519364,0.010069888386900023,5
"ALS (k=20, lam=1.0)",MAE,0.800708904415902,0.006485069043490266,0.008052276757167598,5
"ALS (k=20, lam=1.0)",P@10,0.00012000000000000002,4.4721359549995795e-05,5.5528902103955976e-05,5
"ALS (k=20, lam=1.0)",R@10,0.0006666666666666666,0.0003726779962499649,0.0004627408508662998,5
"ALS (k=20, lam=1.0)",NDCG@10,0.0003320067465631483,0.00012096025982938283,0.00015019199984351791,5
"ALS (k=20, lam=1.0)",MAP@10,0.00016452380952380953,8.938248723851507e-05,0.00011098301647397175,5
"ALS (k=20, lam=1.0)",coverage@10,0.0013482736631137836,0.00037781618572155825,0.0004691207557491268,5
"ALS (k=20, lam=1.0)",novelty@10,12.705786612132101,0.22222294163808254,0.27592622620694385,5
"ALS (k=20, lam=1.0)",diversity@10,0.06760777777777778,0.044343820919083,0.05506012597802042,5
"ALS (k=20, lam=0.5)",RMSE,1.0800801147577428,0.008836293225718422,0.010971707175946392,5
"ALS (k=20, lam=0.5)",MAE,0.7869868846413722,0.006964355696105211,0.008647389738539171,5
"ALS (k=20, lam=0.5)",P@10,0.0001,7.071067811865475e-05,8.779890330850845e-05,5
"ALS (k=20, lam=0.5)",R@10,0.0005666666666666667,0.0004801620096962644,0.0005961998807450194,5
"ALS (k=20, lam=0.5)",NDCG@10,0.0002788092637176695,0.00023134774347170105,0.00028725616413449164,5
"ALS (k=20, lam=0.5)",MAP@10,0.000135,0.00012834415538785635,0.0001593603171249712,5
"ALS (k=20, lam=0.5)",coverage@10,0.010512890589414231,0.0018520343546031951,0.002299604381547335,5
"ALS (k=20, lam=0.5)",novelty@10,12.464013309813675,0.1837527529344793,0.22815917788957446,5
"ALS (k=20, lam=0.5)",diversity@10,0.10463222222222224,0.04049498795385321,0.05028116864999473,5
