j,sigma
1,24.318309224969365
2,23.51843402590328
3,20.64488967166064
4,18.23149503836588
5,17.898124954687834
6,17.611212357456726
7,17.031075498764594
8,16.929134740392012
9,16.7803594458984
10,16.72053766526443
11,16.508525696380648
12,16.23865892136742
13,16.166976319252722
14,16.060762344803834
15,15.899902763911147
16,15.82888424402685
17,15.776489652812435
18,15.644860783587324
19,15.423974160680636
20,15.304884298802556
21,15.183347187675434
22,15.10403900810894
23,14.735401524675002
24,14.629443957864934
25,14.599142567409437
26,14.47962317606662
27,14.388391312969226
28,14.364551353614088
29,14.31876186975375
30,14.24338004327638
31,14.21576472274827
32,14.175953703349244
33,14.00563854695317
34,13.845570447031779
35,13.788879832311792
36,13.734878172274557
37,13.598587571426293
38,13.524315014705001
39,13.419289539776628
40,13.386607106845172
41,13.3473702692013
42,13.277058708198274
43,13.221393290660096
44,13.195472303422891
45,13.124099800261472
46,13.09312773331778
47,13.08024588565703
48,13.000561117990129
49,12.942229242886654
50,12.905993787000009
