model,k,reg,reg_bias,val_RMSE,val_MAE
FunkSVD,20,0.005,-,1.068260571629814,0.7831702805760332
FunkSVD,20,0.01,-,1.0681670983161657,0.7832795308980874
FunkSVD,20,0.02,-,1.0680078710393155,0.783522498452223
FunkSVD,20,0.05,-,1.0676669302705457,0.784303609790974
FunkSVD,20,0.1,-,1.0673466195304115,0.7857014330076258
FunkSVD,20,0.2,-,1.0671815945846856,0.7885914131449163
ALS,20,0.1,= reg,1.1043616256813191,0.7969840283289397
ALS,20,0.1,0.1,1.1043616256813191,0.7969840283289397
ALS,20,0.1,0.5,1.1214224461292348,0.8054057871788987
ALS,20,0.3,= reg,1.0803377945252008,0.7794842476861642
ALS,20,0.3,0.1,1.1003782856892497,0.7761359643361667
ALS,20,0.3,0.5,1.07565030135025,0.7802243325573746
ALS,20,0.5,= reg,1.073462754770265,0.7786408379925435
ALS,20,0.5,0.1,1.1041430017908986,0.7773182803454954
ALS,20,0.5,0.5,1.073462754770265,0.7786408379925435
ALS,20,1.0,= reg,1.0704931101762456,0.7941021803488065
ALS,20,1.0,0.1,1.1067728033035757,0.7785529248432074
ALS,20,1.0,0.5,1.0769186483434852,0.7799459445947552
ALS,20,2.0,= reg,1.0778564480745363,0.8147400830113947
ALS,20,2.0,0.1,1.1069078620955881,0.7786130452920826
ALS,20,2.0,0.5,1.0770436458321653,0.779976904347918
ALS,20,3.0,= reg,1.0872338715202015,0.8284669097133951
ALS,20,3.0,0.1,1.1069188855114716,0.7786154024768016
ALS,20,3.0,0.5,1.0770511695326463,0.7799727136053547
ALS,20,10.0,= reg,1.1166903986834569,0.8631196795018685
ALS,20,10.0,0.1,1.1069284911469155,0.778615433075075
ALS,20,10.0,0.5,1.0770458315367761,0.7802919684910553
